Hyundai Creta (CarDekho),11112042,CarDekho,2025-03-01 10:33:13
Hyundai Creta (CarDekho),11112042,CarDekho,2025-03-01 10:35:20
Maruti Swift (CarWale),649964,CarWale,2025-03-01 10:35:28
Hyundai Creta (CarDekho),11112042,CarDekho,2025-03-01 10:49:03
Hyundai Creta (CarDekho),11112042,CarDekho,2025-03-01 10:51:27
Hyundai Creta (CarDekho),11112042,CarDekho,2025-03-01 10:55:22
Maruti Swift (CarWale),649964,CarWale,2025-03-01 10:55:39
Hyundai Creta (CarDekho),11112042,CarDekho,2025-03-01 11:09:14
Maruti Swift (CarWale),649964,CarWale,2025-03-01 11:09:23
Hyundai Creta (CarDekho),11112042,CarDekho,2025-03-01 11:15:47
Maruti Swift (CarWale),649964,CarWale,2025-03-01 11:15:52
